{
	"id": "b694a914-e2b3-4563-96ad-ddefcb5236a9",
	"name": "SIT",
	"values": [
		{
			"key": "CompanyName",
			"value": "",
			"type": "default",
			"enabled": true
		},
		{
			"key": "Environment",
			"value": "SIT",
			"type": "default",
			"enabled": true
		},
		{
			"key": "baseurl",
			"value": "localhost:8080",
			"type": "default",
			"enabled": true
		},
		{
			"key": "entity",
			"value": "finance",
			"type": "default",
			"enabled": true
		},
		{
			"key": "contactID",
			"value": "62f87bb8e48c43062f421507",
			"type": "default",
			"enabled": true
		}
	],
	"_postman_variable_scope": "environment",
	"_postman_exported_at": "2022-10-09T21:21:29.698Z",
	"_postman_exported_using": "Postman/9.31.0"
}